variant,source_kind,corr_len_scale,checkpoint_epoch,optimizer_steps,integration_steps,sample_count,training_loss,roundtrip_relative_error,marginal_ks,variogram_x_nrmse,variogram_y_nrmse,spanning_fraction_abs_error,bimodality_abs_error,checkpoint,checkpoint_sha256,source_artifact,source_artifact_sha256,source_git_commit,training_report,training_report_sha256,evaluation_report,evaluation_report_sha256,derived_git_commit
matern,matern,1.0,4,1252,10,128,0.33499300479888916,0.001494137104600668,0.14005663908801813,0.5263907676773619,0.5251678723207924,0.0875,0.05159283136974363,artifacts/egg_models/ablation_matern/ema-epoch-0004.pt,b3f89b5fad79307282dcd6896a1f43e9f434a82b2ce7fd2c3fe6fda9a7798db0,artifacts/egg_ablation_samples_matern_e4_s10.h5,08484ce71ea59fe8af8ec4301c6846a9427a3da0835f00314d1282fdc46eced8,692f98538f7cdfb8f9883bb7c2d50257b1e58f35,results/raw/egg_ablation_matern_training.json,79f36f8390d30ebc089afadf6ff29a8a8656c0f5676a8fd8bd9fc224305b92a3,results/raw/egg_ablation_matern_e4_s10.json,a8ada53286a9effb1c08370b62a2518d9670691a0309701cd0c42157b7ae1f4f,6a2516421c0418431405f2e068900a0026870658
matern,matern,1.0,4,1252,20,128,0.33499300479888916,0.00019640789832919836,0.13854663908801812,0.5196289288619838,0.5215471927525399,0.0796875,0.04856229165868309,artifacts/egg_models/ablation_matern/ema-epoch-0004.pt,b3f89b5fad79307282dcd6896a1f43e9f434a82b2ce7fd2c3fe6fda9a7798db0,artifacts/egg_ablation_samples_matern_e4_s20.h5,0d4330cbedd72b0fdb318f8e32d8d68088c59c00bb3393174cf47c5755dce78a,692f98538f7cdfb8f9883bb7c2d50257b1e58f35,results/raw/egg_ablation_matern_training.json,79f36f8390d30ebc089afadf6ff29a8a8656c0f5676a8fd8bd9fc224305b92a3,results/raw/egg_ablation_matern_e4_s20.json,0a825ea35e379855e09a8fe52837df14c5e4fa4b74ef979888a693fe3a022930,6a2516421c0418431405f2e068900a0026870658
matern,matern,1.0,4,1252,50,128,0.33499300479888916,2.4417511667707004e-05,0.1379812914353474,0.5173169577268963,0.5203744279706024,0.0796875,0.0475064740687296,artifacts/egg_models/ablation_matern/ema-epoch-0004.pt,b3f89b5fad79307282dcd6896a1f43e9f434a82b2ce7fd2c3fe6fda9a7798db0,artifacts/egg_ablation_samples_matern_e4_s50.h5,46d3cccab9038f9ad8c02d2c55c14cbab79a7ca9c88ecfad45b5bfb9f67b66b5,692f98538f7cdfb8f9883bb7c2d50257b1e58f35,results/raw/egg_ablation_matern_training.json,79f36f8390d30ebc089afadf6ff29a8a8656c0f5676a8fd8bd9fc224305b92a3,results/raw/egg_ablation_matern_e4_s50.json,4ff425350a4d2e4c3b09d38c322529d7db541721b09e4c8ec4d91d7c3ee1a028,6a2516421c0418431405f2e068900a0026870658
matern,matern,1.0,8,2504,10,128,0.24390316009521484,0.018438730388879776,0.04996921252627609,0.1898901851821795,0.21560941808310916,0.037500000000000006,0.022093421077503617,artifacts/egg_models/ablation_matern/ema-epoch-0008.pt,7bd229ecbe522b2d295552f94265f1b8574673efb2302420b63e7b8e3fbd93d6,artifacts/egg_ablation_samples_matern_e8_s10.h5,81e04814adfd57a787e1b1f2c4e83f7dcc0d77c89083ffae3911e9a32277c20c,692f98538f7cdfb8f9883bb7c2d50257b1e58f35,results/raw/egg_ablation_matern_training.json,79f36f8390d30ebc089afadf6ff29a8a8656c0f5676a8fd8bd9fc224305b92a3,results/raw/egg_ablation_matern_e8_s10.json,eda43c405f6ed96dab08d9bcf6527bef3d0408b27ae3e7180a9d234216ddad5e,6a2516421c0418431405f2e068900a0026870658
matern,matern,1.0,8,2504,20,128,0.24390316009521484,0.0030595615971833467,0.046429615695574855,0.17181483177320173,0.20617612506478805,0.021875000000000006,0.0283465981458767,artifacts/egg_models/ablation_matern/ema-epoch-0008.pt,7bd229ecbe522b2d295552f94265f1b8574673efb2302420b63e7b8e3fbd93d6,artifacts/egg_ablation_samples_matern_e8_s20.h5,2b7ed3c42a3d5c5ae4b17948f0409b221c66e88f5c56bef3294103056a36667f,692f98538f7cdfb8f9883bb7c2d50257b1e58f35,results/raw/egg_ablation_matern_training.json,79f36f8390d30ebc089afadf6ff29a8a8656c0f5676a8fd8bd9fc224305b92a3,results/raw/egg_ablation_matern_e8_s20.json,3b7ed8faba0bb251534549fd33e890ce2ea100268140423dfe5e49b8449019b8,6a2516421c0418431405f2e068900a0026870658
matern,matern,1.0,8,2504,50,128,0.24390316009521484,0.00024011450295802206,0.04453941626691102,0.16421893705603283,0.20260850168126773,0.021875000000000006,0.031706661532223235,artifacts/egg_models/ablation_matern/ema-epoch-0008.pt,7bd229ecbe522b2d295552f94265f1b8574673efb2302420b63e7b8e3fbd93d6,artifacts/egg_ablation_samples_matern_e8_s50.h5,8a917afe9264b0e4938014e72b4dda5f6ea30bb869cdcefefcc3b69a955ab166,692f98538f7cdfb8f9883bb7c2d50257b1e58f35,results/raw/egg_ablation_matern_training.json,79f36f8390d30ebc089afadf6ff29a8a8656c0f5676a8fd8bd9fc224305b92a3,results/raw/egg_ablation_matern_e8_s50.json,799dc37fd3069b93ccf2e961df61bd78a160e5841e96524fcd08061530fca83b,6a2516421c0418431405f2e068900a0026870658
matern,matern,1.0,16,5008,10,128,0.1841920167207718,0.17002783715724945,0.028193796690562156,0.14807537923804998,0.14907814501556,0.045312500000000006,0.018538276328360526,artifacts/egg_models/ablation_matern/ema-epoch-0016.pt,4ec0ab6539067b1740fd74270b79038577b0c1cd9e3c36d6648706915572bc81,artifacts/egg_ablation_samples_matern_e16_s10.h5,89f3ddde2e394b497b744ed13b05c7618a3aa89ecfbcf55cde33d63aaaaf06a2,692f98538f7cdfb8f9883bb7c2d50257b1e58f35,results/raw/egg_ablation_matern_training.json,79f36f8390d30ebc089afadf6ff29a8a8656c0f5676a8fd8bd9fc224305b92a3,results/raw/egg_ablation_matern_e16_s10.json,8323387e9bb842c4f24ab4057154adc33378f5eb608cbc0b3b309adaeb7dcaa4,6a2516421c0418431405f2e068900a0026870658
matern,matern,1.0,16,5008,20,128,0.1841920167207718,0.05349191278219223,0.02197814261844447,0.11612907629411379,0.1186869547079445,0.060937500000000006,0.023904606757556957,artifacts/egg_models/ablation_matern/ema-epoch-0016.pt,4ec0ab6539067b1740fd74270b79038577b0c1cd9e3c36d6648706915572bc81,artifacts/egg_ablation_samples_matern_e16_s20.h5,a058e54eadfa04ecc319bae83eea9cabb7c95ae75bffd1404c8d05fc87d773d7,692f98538f7cdfb8f9883bb7c2d50257b1e58f35,results/raw/egg_ablation_matern_training.json,79f36f8390d30ebc089afadf6ff29a8a8656c0f5676a8fd8bd9fc224305b92a3,results/raw/egg_ablation_matern_e16_s20.json,af7a6caac3849ec53a2aec47ee50cea45dc748dcaf53f35cb06b46d41fe28abb,6a2516421c0418431405f2e068900a0026870658
matern,matern,1.0,16,5008,50,128,0.1841920167207718,0.004418217111378908,0.019080451948471966,0.1051554676796742,0.10696477809170722,0.053125000000000006,0.02650907366746269,artifacts/egg_models/ablation_matern/ema-epoch-0016.pt,4ec0ab6539067b1740fd74270b79038577b0c1cd9e3c36d6648706915572bc81,artifacts/egg_ablation_samples_matern_e16_s50.h5,14203f4694f30b27c89521ca917ee7516a5484946d83d93af77a11cd41e34b7f,692f98538f7cdfb8f9883bb7c2d50257b1e58f35,results/raw/egg_ablation_matern_training.json,79f36f8390d30ebc089afadf6ff29a8a8656c0f5676a8fd8bd9fc224305b92a3,results/raw/egg_ablation_matern_e16_s50.json,9df8f4edf6cc7aeb63828f1b61c328018febba615d8a04b307e771cc9eb241ec,6a2516421c0418431405f2e068900a0026870658
matern_misspec,matern,3.0,4,1252,10,128,0.22900524735450745,0.004384301602840424,0.1583333253382202,0.6165600583416635,0.6200959618473882,0.0796875,0.013233873449139288,artifacts/egg_models/ablation_matern_misspec/ema-epoch-0004.pt,bda7a126afe3deca766f8f403423526fa971b6e295291f8c4a370ffa6c591594,artifacts/egg_ablation_samples_matern_misspec_e4_s10.h5,fd7e297ba30a432906ca2630a1ad00020590c275402b9ed43c0ca9f8345c27a0,692f98538f7cdfb8f9883bb7c2d50257b1e58f35,results/raw/egg_ablation_matern_misspec_training.json,97e14bd570d6d3259f3494a28cad110e9b8d626f792786c72e9e3a7474b76e8b,results/raw/egg_ablation_matern_misspec_e4_s10.json,c753064aa7d1dc9150c04fa7b00db5074a430f89d0471bc90ecb205c6a1e6606,6a2516421c0418431405f2e068900a0026870658
matern_misspec,matern,3.0,4,1252,20,128,0.22900524735450745,0.0005160753498785198,0.15592089473400528,0.608911782830588,0.6143333738583651,0.056249999999999994,0.008585689728205115,artifacts/egg_models/ablation_matern_misspec/ema-epoch-0004.pt,bda7a126afe3deca766f8f403423526fa971b6e295291f8c4a370ffa6c591594,artifacts/egg_ablation_samples_matern_misspec_e4_s20.h5,ca9eee4476190bcec6ac842566c633b8e0cf9e23c6e5e2c9a4f931c9731e84c5,692f98538f7cdfb8f9883bb7c2d50257b1e58f35,results/raw/egg_ablation_matern_misspec_training.json,97e14bd570d6d3259f3494a28cad110e9b8d626f792786c72e9e3a7474b76e8b,results/raw/egg_ablation_matern_misspec_e4_s20.json,b1e7b978222569dcf0902111840431dd82d7ac4b56bc47d3edf338d51ea8ec60,6a2516421c0418431405f2e068900a0026870658
matern_misspec,matern,3.0,4,1252,50,128,0.22900524735450745,3.651672159321606e-05,0.15495603675955372,0.6060383166653306,0.6123141491473584,0.056249999999999994,0.006750126482275798,artifacts/egg_models/ablation_matern_misspec/ema-epoch-0004.pt,bda7a126afe3deca766f8f403423526fa971b6e295291f8c4a370ffa6c591594,artifacts/egg_ablation_samples_matern_misspec_e4_s50.h5,dfc49fafad9596c93df238fa72203b3cad15d1485554ec7bfefc626913b6d572,692f98538f7cdfb8f9883bb7c2d50257b1e58f35,results/raw/egg_ablation_matern_misspec_training.json,97e14bd570d6d3259f3494a28cad110e9b8d626f792786c72e9e3a7474b76e8b,results/raw/egg_ablation_matern_misspec_e4_s50.json,bf3726b638db4dd92708b44e4443580c6b9bdb4e104da06680d9e201e02fefe7,6a2516421c0418431405f2e068900a0026870658
matern_misspec,matern,3.0,8,2504,10,128,0.13251687586307526,0.03043306991457939,0.08504392631919366,0.26312934020581036,0.24590892435296224,0.029687500000000006,0.02677924342287319,artifacts/egg_models/ablation_matern_misspec/ema-epoch-0008.pt,d8d5f6f33fd94433e51867d50439d9da2440ee2dcc540963a62967e979764547,artifacts/egg_ablation_samples_matern_misspec_e8_s10.h5,a7c7fe95428c396b70f7c635fe7b09d9e3dcb11363942bd4874fab8d8570bcd4,692f98538f7cdfb8f9883bb7c2d50257b1e58f35,results/raw/egg_ablation_matern_misspec_training.json,97e14bd570d6d3259f3494a28cad110e9b8d626f792786c72e9e3a7474b76e8b,results/raw/egg_ablation_matern_misspec_e8_s10.json,6cf04080c125c19e3f45742494f9b4cb3a15ab3e6a654f56cbdebe917dfc1de9,6a2516421c0418431405f2e068900a0026870658
matern_misspec,matern,3.0,8,2504,20,128,0.13251687586307526,0.005448865704238415,0.07628914407373477,0.2429871758163035,0.23424833183672295,0.029687500000000006,0.03659568254962092,artifacts/egg_models/ablation_matern_misspec/ema-epoch-0008.pt,d8d5f6f33fd94433e51867d50439d9da2440ee2dcc540963a62967e979764547,artifacts/egg_ablation_samples_matern_misspec_e8_s20.h5,a45eceb94a858bde9b639585c0241f10e06ed8ec5fa5cd4c362f9ff2a6a9e711,692f98538f7cdfb8f9883bb7c2d50257b1e58f35,results/raw/egg_ablation_matern_misspec_training.json,97e14bd570d6d3259f3494a28cad110e9b8d626f792786c72e9e3a7474b76e8b,results/raw/egg_ablation_matern_misspec_e8_s20.json,f0a04d730499906da7f5b0493b7ba2177a468fc90a3b6d65617aed546f6eb0ca,6a2516421c0418431405f2e068900a0026870658
matern_misspec,matern,3.0,8,2504,50,128,0.13251687586307526,0.0004144697159063071,0.0683972400689915,0.23153483420532434,0.23256621537157735,0.06875,0.04407766514703809,artifacts/egg_models/ablation_matern_misspec/ema-epoch-0008.pt,d8d5f6f33fd94433e51867d50439d9da2440ee2dcc540963a62967e979764547,artifacts/egg_ablation_samples_matern_misspec_e8_s50.h5,1f3408829adc1995b00be57c926edf5e69e75c29526536830147ee366cf31d54,692f98538f7cdfb8f9883bb7c2d50257b1e58f35,results/raw/egg_ablation_matern_misspec_training.json,97e14bd570d6d3259f3494a28cad110e9b8d626f792786c72e9e3a7474b76e8b,results/raw/egg_ablation_matern_misspec_e8_s50.json,bc8772103bb12e277a2d9192ebe0234cba1ea774313cf89f2dde96569f169fb4,6a2516421c0418431405f2e068900a0026870658
matern_misspec,matern,3.0,16,5008,10,128,0.09439784288406372,0.14508290588855743,0.06693959925618492,0.17431362833644418,0.16269936435589016,0.021875000000000006,0.007231366002010409,artifacts/egg_models/ablation_matern_misspec/ema-epoch-0016.pt,9aac7591e2a7e8a04c2e8fa01453ef740cb1b1eeb87c0d78ff153ec255c56d80,artifacts/egg_ablation_samples_matern_misspec_e16_s10.h5,d730438618779db12d502e1d4ce2a480d484d2c3df66a1b248aca46904871634,692f98538f7cdfb8f9883bb7c2d50257b1e58f35,results/raw/egg_ablation_matern_misspec_training.json,97e14bd570d6d3259f3494a28cad110e9b8d626f792786c72e9e3a7474b76e8b,results/raw/egg_ablation_matern_misspec_e16_s10.json,c9096f10680e6dc4554e0457fed2782fad6a2b7688f3ab1e7beedcf81d1c0484,6a2516421c0418431405f2e068900a0026870658
matern_misspec,matern,3.0,16,5008,20,128,0.09439784288406372,0.04052038490772247,0.05634996631272571,0.135991756956092,0.1260787580259484,0.0062500000000000056,0.019728201076613328,artifacts/egg_models/ablation_matern_misspec/ema-epoch-0016.pt,9aac7591e2a7e8a04c2e8fa01453ef740cb1b1eeb87c0d78ff153ec255c56d80,artifacts/egg_ablation_samples_matern_misspec_e16_s20.h5,c77519b4c777149365eb18531fbc590a011f73d750d9af335c58e02a98560488,692f98538f7cdfb8f9883bb7c2d50257b1e58f35,results/raw/egg_ablation_matern_misspec_training.json,97e14bd570d6d3259f3494a28cad110e9b8d626f792786c72e9e3a7474b76e8b,results/raw/egg_ablation_matern_misspec_e16_s20.json,21b9c2f6577fc5a35aee7b3bdfc2acce7e30cdbe0ad01c4089767327c8d2d053,6a2516421c0418431405f2e068900a0026870658
matern_misspec,matern,3.0,16,5008,50,128,0.09439784288406372,0.0034069691319018602,0.0471743532043335,0.11994755324231395,0.11549110148147274,0.037500000000000006,0.02869697467179233,artifacts/egg_models/ablation_matern_misspec/ema-epoch-0016.pt,9aac7591e2a7e8a04c2e8fa01453ef740cb1b1eeb87c0d78ff153ec255c56d80,artifacts/egg_ablation_samples_matern_misspec_e16_s50.h5,2c0caf2fce87569b789f0ecc1f9bf723dd736a6b04a18fb27f494107f9963d4b,692f98538f7cdfb8f9883bb7c2d50257b1e58f35,results/raw/egg_ablation_matern_misspec_training.json,97e14bd570d6d3259f3494a28cad110e9b8d626f792786c72e9e3a7474b76e8b,results/raw/egg_ablation_matern_misspec_e16_s50.json,0c100e554f676b1158f8b282fd84b6a1bf74dd68d114364c7a55b765d6390625,6a2516421c0418431405f2e068900a0026870658
white,white,1.0,4,1252,10,128,0.8100205063819885,0.0013968119164928794,0.09216341265563521,0.43889672596913254,0.465623058485251,0.0921875,0.05585981629032816,artifacts/egg_models/ablation_white/ema-epoch-0004.pt,805e8bad69b7baaf8ac4c81611568139fd8c1cbab12dd812ad36d85cee562f0b,artifacts/egg_ablation_samples_white_e4_s10.h5,290c28ca01059393a4f396b008bbee73a0e95af9b4b5bb1f131852ae20bb5045,692f98538f7cdfb8f9883bb7c2d50257b1e58f35,results/raw/egg_ablation_white_training.json,f5be87a0aa42ace4701dc0b55e000b7e9da1a8952ba281bd10d908709ad17f66,results/raw/egg_ablation_white_e4_s10.json,18e297e7c7edddfd1762c17025c078628a3e8c5cff4c1587abd4cba529267bcf,6a2516421c0418431405f2e068900a0026870658
white,white,1.0,4,1252,20,128,0.8100205063819885,0.00021077942801639438,0.0903812914353474,0.4317263755079223,0.4596008164113589,0.0921875,0.05417983129058351,artifacts/egg_models/ablation_white/ema-epoch-0004.pt,805e8bad69b7baaf8ac4c81611568139fd8c1cbab12dd812ad36d85cee562f0b,artifacts/egg_ablation_samples_white_e4_s20.h5,326f8873f02b8f752c922952d6b0b9f8951b9b2b4979896ad8b92e7903d92620,692f98538f7cdfb8f9883bb7c2d50257b1e58f35,results/raw/egg_ablation_white_training.json,f5be87a0aa42ace4701dc0b55e000b7e9da1a8952ba281bd10d908709ad17f66,results/raw/egg_ablation_white_e4_s20.json,09e941d5516a96cb38144c3507f6e226c25c4ae3b1a3605fa98b971ac132ccb1,6a2516421c0418431405f2e068900a0026870658
white,white,1.0,4,1252,50,128,0.8100205063819885,3.884080797433853e-05,0.08980654314666092,0.4291615747248913,0.4574479142951534,0.0921875,0.053585217907198335,artifacts/egg_models/ablation_white/ema-epoch-0004.pt,805e8bad69b7baaf8ac4c81611568139fd8c1cbab12dd812ad36d85cee562f0b,artifacts/egg_ablation_samples_white_e4_s50.h5,3926a6c7fcff4cf39a7e2ffed52df17f8a9f3f135933652baf281b0eb6cfd2ab,692f98538f7cdfb8f9883bb7c2d50257b1e58f35,results/raw/egg_ablation_white_training.json,f5be87a0aa42ace4701dc0b55e000b7e9da1a8952ba281bd10d908709ad17f66,results/raw/egg_ablation_white_e4_s50.json,bf835b7b1454432ade5e18e7fc2b85e60ac93ea605bfaa047a1befdc208654b8,6a2516421c0418431405f2e068900a0026870658
white,white,1.0,8,2504,10,128,0.5664438009262085,0.006134890019893646,0.034047277798738756,0.14611061566553935,0.19617715922712894,0.06875,0.01572630608143155,artifacts/egg_models/ablation_white/ema-epoch-0008.pt,220efc9d47ea776e27e53af18ef0432c4e47f4afc2cdd7bce49c194007c5a792,artifacts/egg_ablation_samples_white_e8_s10.h5,f9cfa670994a31d97d60eb0f6e612350ba13162d2b9fa2a452280f2ee71cdfb2,692f98538f7cdfb8f9883bb7c2d50257b1e58f35,results/raw/egg_ablation_white_training.json,f5be87a0aa42ace4701dc0b55e000b7e9da1a8952ba281bd10d908709ad17f66,results/raw/egg_ablation_white_e8_s10.json,a93285a512f8dfb7e4c85c5293d16bb43301e6688bfc16f2ce1c3e6ecaa566ec,6a2516421c0418431405f2e068900a0026870658
white,white,1.0,8,2504,20,128,0.5664438009262085,0.0012658366467803717,0.030545193499703555,0.12834258445238164,0.1777054767812923,0.06875,0.018614311031075526,artifacts/egg_models/ablation_white/ema-epoch-0008.pt,220efc9d47ea776e27e53af18ef0432c4e47f4afc2cdd7bce49c194007c5a792,artifacts/egg_ablation_samples_white_e8_s20.h5,54538d52ce4586c8e853f0875caefdb6460ad0d45832ecbde4948a6ccc6800d9,692f98538f7cdfb8f9883bb7c2d50257b1e58f35,results/raw/egg_ablation_white_training.json,f5be87a0aa42ace4701dc0b55e000b7e9da1a8952ba281bd10d908709ad17f66,results/raw/egg_ablation_white_e8_s20.json,c1a9c34d7ecff685a3e68b645e3f59452b416648d9ef15a26108d398d5aa1943,6a2516421c0418431405f2e068900a0026870658
white,white,1.0,8,2504,50,128,0.5664438009262085,0.00012480745499487966,0.029063830108338295,0.12025124272829878,0.16944059180831053,0.06875,0.019983404501148327,artifacts/egg_models/ablation_white/ema-epoch-0008.pt,220efc9d47ea776e27e53af18ef0432c4e47f4afc2cdd7bce49c194007c5a792,artifacts/egg_ablation_samples_white_e8_s50.h5,a50dad1060d6765e0c36e9930ee8c332d40104188fa8889ee076ee050669200b,692f98538f7cdfb8f9883bb7c2d50257b1e58f35,results/raw/egg_ablation_white_training.json,f5be87a0aa42ace4701dc0b55e000b7e9da1a8952ba281bd10d908709ad17f66,results/raw/egg_ablation_white_e8_s50.json,5c79623752c63021f3a125f3908bb2bb51719bc92f08ab3ed877ce53c9a95a99,6a2516421c0418431405f2e068900a0026870658
white,white,1.0,16,5008,10,128,0.6226840019226074,0.02967817336320877,0.016018654934511933,0.03376730873202695,0.048024476984975834,0.053125000000000006,0.014171711901276585,artifacts/egg_models/ablation_white/ema-epoch-0016.pt,357217759522a3fd00e230f26e4994dfe0df2f23c05dfca77c7e502e46e1fa52,artifacts/egg_ablation_samples_white_e16_s10.h5,862925e99e0d0f29e3af545f2553f83c5ca04ab93a8be7b71e2b4b4d985d6139,692f98538f7cdfb8f9883bb7c2d50257b1e58f35,results/raw/egg_ablation_white_training.json,f5be87a0aa42ace4701dc0b55e000b7e9da1a8952ba281bd10d908709ad17f66,results/raw/egg_ablation_white_e16_s10.json,953fc80d4f50c60a7cf24d85fee82324eb6dbf561f718fa44f9ac03bc6820ace,6a2516421c0418431405f2e068900a0026870658
white,white,1.0,16,5008,20,128,0.6226840019226074,0.004456225782632828,0.015154614617582052,0.03369180135052641,0.024933525816700074,0.029687500000000006,0.018222359075416972,artifacts/egg_models/ablation_white/ema-epoch-0016.pt,357217759522a3fd00e230f26e4994dfe0df2f23c05dfca77c7e502e46e1fa52,artifacts/egg_ablation_samples_white_e16_s20.h5,b07fb0ab969eb753eca761891cbdb86d6805171047e62c48803e21a0f3a390e5,692f98538f7cdfb8f9883bb7c2d50257b1e58f35,results/raw/egg_ablation_white_training.json,f5be87a0aa42ace4701dc0b55e000b7e9da1a8952ba281bd10d908709ad17f66,results/raw/egg_ablation_white_e16_s20.json,4712b503a267990c792a0f2b2541dd03edcf450f27a7c3d17f510022d867cef4,6a2516421c0418431405f2e068900a0026870658
white,white,1.0,16,5008,50,128,0.6226840019226074,0.00038316912832669914,0.015204769309545618,0.04036307313735296,0.013985459152978571,0.029687500000000006,0.020527721805851218,artifacts/egg_models/ablation_white/ema-epoch-0016.pt,357217759522a3fd00e230f26e4994dfe0df2f23c05dfca77c7e502e46e1fa52,artifacts/egg_ablation_samples_white_e16_s50.h5,366ff9c19ccf0fcb27083772315011c5b2cd6d103fe773a65014e0c4f3f1a36d,692f98538f7cdfb8f9883bb7c2d50257b1e58f35,results/raw/egg_ablation_white_training.json,f5be87a0aa42ace4701dc0b55e000b7e9da1a8952ba281bd10d908709ad17f66,results/raw/egg_ablation_white_e16_s50.json,58b4090c9687176298a077138c183c1c4e4876582967bbcaf3bd941dbe471b1e,6a2516421c0418431405f2e068900a0026870658
