strategy,variant,parameterization,stage,mean_normalized_data_misfit,bimodality_coefficient,connectivity_mae_to_truth,largest_component_fraction_p50,fopt_p10,fopt_p50,fopt_p90,covered,source_artifact,source_artifact_sha256,source_report,source_report_sha256,source_git_commit,derived_git_commit
augmentation,raw_na8,raw,0,140.0835681541066,0.483075352331886,0.2028125,0.7854709168935083,495578.478125,501359.875,506762.934375,True,artifacts/egg_inversion_augmentation_raw_na8.h5,5a797f4e3093cf032ab78a40278ebb5150847d61bb50f4a7f4be70c819e66427,results/raw/egg_inversion_augmentation_raw_na8.json,1e9e7ebffd0493bc69f8aeb2d2b02ebe4ee9bfdd59394e0dfb484d23b955ed49,8f77479b8851c67f6614f954cf189f25534190ea,59eb0e374c64cd0c025287969c0a64d701a08473
augmentation,raw_na8,raw,1,12.370645027260057,0.35300263484051514,0.1734375,0.6163189494200219,503145.909375,506316.0,509105.80625,True,artifacts/egg_inversion_augmentation_raw_na8.h5,5a797f4e3093cf032ab78a40278ebb5150847d61bb50f4a7f4be70c819e66427,results/raw/egg_inversion_augmentation_raw_na8.json,1e9e7ebffd0493bc69f8aeb2d2b02ebe4ee9bfdd59394e0dfb484d23b955ed49,8f77479b8851c67f6614f954cf189f25534190ea,59eb0e374c64cd0c025287969c0a64d701a08473
augmentation,raw_na8,raw,2,5.293335583374933,0.3283753733126941,0.1378125,0.5245883098739756,504120.303125,505979.6875,507785.315625,True,artifacts/egg_inversion_augmentation_raw_na8.h5,5a797f4e3093cf032ab78a40278ebb5150847d61bb50f4a7f4be70c819e66427,results/raw/egg_inversion_augmentation_raw_na8.json,1e9e7ebffd0493bc69f8aeb2d2b02ebe4ee9bfdd59394e0dfb484d23b955ed49,8f77479b8851c67f6614f954cf189f25534190ea,59eb0e374c64cd0c025287969c0a64d701a08473
augmentation,raw_na8,raw,3,3.2771771884185195,0.31889923599569,0.125625,0.5360183294736953,504074.49375,505533.453125,506749.0625,True,artifacts/egg_inversion_augmentation_raw_na8.h5,5a797f4e3093cf032ab78a40278ebb5150847d61bb50f4a7f4be70c819e66427,results/raw/egg_inversion_augmentation_raw_na8.json,1e9e7ebffd0493bc69f8aeb2d2b02ebe4ee9bfdd59394e0dfb484d23b955ed49,8f77479b8851c67f6614f954cf189f25534190ea,59eb0e374c64cd0c025287969c0a64d701a08473
augmentation,raw_na8,raw,4,2.3630605205605106,0.3147888495568472,0.12875,0.5643022483780089,504139.496875,505340.78125,506777.203125,True,artifacts/egg_inversion_augmentation_raw_na8.h5,5a797f4e3093cf032ab78a40278ebb5150847d61bb50f4a7f4be70c819e66427,results/raw/egg_inversion_augmentation_raw_na8.json,1e9e7ebffd0493bc69f8aeb2d2b02ebe4ee9bfdd59394e0dfb484d23b955ed49,8f77479b8851c67f6614f954cf189f25534190ea,59eb0e374c64cd0c025287969c0a64d701a08473
augmentation,raw_na8,raw,5,2.0301906921825124,0.31472728211333595,0.1284375,0.5521860211701988,504275.321875,505431.734375,506620.10625,True,artifacts/egg_inversion_augmentation_raw_na8.h5,5a797f4e3093cf032ab78a40278ebb5150847d61bb50f4a7f4be70c819e66427,results/raw/egg_inversion_augmentation_raw_na8.json,1e9e7ebffd0493bc69f8aeb2d2b02ebe4ee9bfdd59394e0dfb484d23b955ed49,8f77479b8851c67f6614f954cf189f25534190ea,59eb0e374c64cd0c025287969c0a64d701a08473
augmentation,raw_na8,raw,6,1.8167007039467342,0.3164468767667463,0.1284375,0.5648171290120201,504412.05,505409.796875,506488.7375,True,artifacts/egg_inversion_augmentation_raw_na8.h5,5a797f4e3093cf032ab78a40278ebb5150847d61bb50f4a7f4be70c819e66427,results/raw/egg_inversion_augmentation_raw_na8.json,1e9e7ebffd0493bc69f8aeb2d2b02ebe4ee9bfdd59394e0dfb484d23b955ed49,8f77479b8851c67f6614f954cf189f25534190ea,59eb0e374c64cd0c025287969c0a64d701a08473
augmentation,raw_na8,raw,7,1.65974338976927,0.31660516787356874,0.133125,0.5967143816868516,504481.8625,505465.96875,506552.75625,True,artifacts/egg_inversion_augmentation_raw_na8.h5,5a797f4e3093cf032ab78a40278ebb5150847d61bb50f4a7f4be70c819e66427,results/raw/egg_inversion_augmentation_raw_na8.json,1e9e7ebffd0493bc69f8aeb2d2b02ebe4ee9bfdd59394e0dfb484d23b955ed49,8f77479b8851c67f6614f954cf189f25534190ea,59eb0e374c64cd0c025287969c0a64d701a08473
augmentation,raw_na8,raw,8,1.5713395136102009,0.31734806547062816,0.13718750000000002,0.5964621631895546,504573.796875,505468.0,506416.409375,True,artifacts/egg_inversion_augmentation_raw_na8.h5,5a797f4e3093cf032ab78a40278ebb5150847d61bb50f4a7f4be70c819e66427,results/raw/egg_inversion_augmentation_raw_na8.json,1e9e7ebffd0493bc69f8aeb2d2b02ebe4ee9bfdd59394e0dfb484d23b955ed49,8f77479b8851c67f6614f954cf189f25534190ea,59eb0e374c64cd0c025287969c0a64d701a08473
augmentation,pca_na8,pca,0,135.2560104362248,0.47943309748734814,0.20468750000000002,0.7811455693897517,496925.51875,501356.0,507570.578125,True,artifacts/egg_inversion_augmentation_pca_na8.h5,27189da9a28ac6fed21838bbf9de37ad4b123d474101f74d296534f2c6f2d399,results/raw/egg_inversion_augmentation_pca_na8.json,a917cc4ed413061bc93b9d3fd6d4e932d93fc6f7abb02e4a8718874729a5568f,8f77479b8851c67f6614f954cf189f25534190ea,59eb0e374c64cd0c025287969c0a64d701a08473
augmentation,pca_na8,pca,1,12.0745590909438,0.3440906757105192,0.159375,0.6200301040058116,502734.81875,506034.265625,508849.7125,True,artifacts/egg_inversion_augmentation_pca_na8.h5,27189da9a28ac6fed21838bbf9de37ad4b123d474101f74d296534f2c6f2d399,results/raw/egg_inversion_augmentation_pca_na8.json,a917cc4ed413061bc93b9d3fd6d4e932d93fc6f7abb02e4a8718874729a5568f,8f77479b8851c67f6614f954cf189f25534190ea,59eb0e374c64cd0c025287969c0a64d701a08473
augmentation,pca_na8,pca,2,5.0543368466286225,0.32320648647286543,0.136875,0.5119535568549436,504077.54375,505604.65625,507414.371875,True,artifacts/egg_inversion_augmentation_pca_na8.h5,27189da9a28ac6fed21838bbf9de37ad4b123d474101f74d296534f2c6f2d399,results/raw/egg_inversion_augmentation_pca_na8.json,a917cc4ed413061bc93b9d3fd6d4e932d93fc6f7abb02e4a8718874729a5568f,8f77479b8851c67f6614f954cf189f25534190ea,59eb0e374c64cd0c025287969c0a64d701a08473
augmentation,pca_na8,pca,3,3.1284095112602626,0.31727311727882757,0.1403125,0.5132304444367085,503437.321875,504854.390625,506323.85,True,artifacts/egg_inversion_augmentation_pca_na8.h5,27189da9a28ac6fed21838bbf9de37ad4b123d474101f74d296534f2c6f2d399,results/raw/egg_inversion_augmentation_pca_na8.json,a917cc4ed413061bc93b9d3fd6d4e932d93fc6f7abb02e4a8718874729a5568f,8f77479b8851c67f6614f954cf189f25534190ea,59eb0e374c64cd0c025287969c0a64d701a08473
augmentation,pca_na8,pca,4,2.269731743147426,0.3161345595591631,0.13625,0.5188933845182802,503719.6,504729.46875,506231.13125,True,artifacts/egg_inversion_augmentation_pca_na8.h5,27189da9a28ac6fed21838bbf9de37ad4b123d474101f74d296534f2c6f2d399,results/raw/egg_inversion_augmentation_pca_na8.json,a917cc4ed413061bc93b9d3fd6d4e932d93fc6f7abb02e4a8718874729a5568f,8f77479b8851c67f6614f954cf189f25534190ea,59eb0e374c64cd0c025287969c0a64d701a08473
augmentation,pca_na8,pca,5,1.877909174346772,0.3177422003038954,0.1340625,0.5147944239608118,503619.21875,504371.21875,505658.715625,True,artifacts/egg_inversion_augmentation_pca_na8.h5,27189da9a28ac6fed21838bbf9de37ad4b123d474101f74d296534f2c6f2d399,results/raw/egg_inversion_augmentation_pca_na8.json,a917cc4ed413061bc93b9d3fd6d4e932d93fc6f7abb02e4a8718874729a5568f,8f77479b8851c67f6614f954cf189f25534190ea,59eb0e374c64cd0c025287969c0a64d701a08473
augmentation,pca_na8,pca,6,1.6822276879705913,0.32039303219948406,0.1284375,0.5189723552972592,503597.471875,504316.078125,505518.346875,True,artifacts/egg_inversion_augmentation_pca_na8.h5,27189da9a28ac6fed21838bbf9de37ad4b123d474101f74d296534f2c6f2d399,results/raw/egg_inversion_augmentation_pca_na8.json,a917cc4ed413061bc93b9d3fd6d4e932d93fc6f7abb02e4a8718874729a5568f,8f77479b8851c67f6614f954cf189f25534190ea,59eb0e374c64cd0c025287969c0a64d701a08473
augmentation,pca_na8,pca,7,1.5686722713079349,0.32024231199683684,0.12875,0.5232054619550532,503592.5875,504414.8125,505607.04375,True,artifacts/egg_inversion_augmentation_pca_na8.h5,27189da9a28ac6fed21838bbf9de37ad4b123d474101f74d296534f2c6f2d399,results/raw/egg_inversion_augmentation_pca_na8.json,a917cc4ed413061bc93b9d3fd6d4e932d93fc6f7abb02e4a8718874729a5568f,8f77479b8851c67f6614f954cf189f25534190ea,59eb0e374c64cd0c025287969c0a64d701a08473
augmentation,pca_na8,pca,8,1.4810339985932723,0.31975234994553353,0.125625,0.5104465160353635,503644.9125,504499.234375,505326.425,True,artifacts/egg_inversion_augmentation_pca_na8.h5,27189da9a28ac6fed21838bbf9de37ad4b123d474101f74d296534f2c6f2d399,results/raw/egg_inversion_augmentation_pca_na8.json,a917cc4ed413061bc93b9d3fd6d4e932d93fc6f7abb02e4a8718874729a5568f,8f77479b8851c67f6614f954cf189f25534190ea,59eb0e374c64cd0c025287969c0a64d701a08473
augmentation,fm_na8,fm,0,140.7465107424259,0.48380049015804777,0.2025,0.7851834081948177,495341.4,501319.546875,506762.478125,True,artifacts/egg_inversion_augmentation_fm_na8.h5,4820735f4370b85e329a13d9d142557e4523c84f5d87b3ff62d28aac91506fde,results/raw/egg_inversion_augmentation_fm_na8.json,24a10ce7fcee6ec972403818c18da67e9fc6bdb008b05708d292a43b0ea17a3d,8f77479b8851c67f6614f954cf189f25534190ea,59eb0e374c64cd0c025287969c0a64d701a08473
augmentation,fm_na8,fm,1,71.84093364856477,0.48604481959889667,0.1996875,0.7788033796022025,495951.065625,502425.859375,507151.109375,True,artifacts/egg_inversion_augmentation_fm_na8.h5,4820735f4370b85e329a13d9d142557e4523c84f5d87b3ff62d28aac91506fde,results/raw/egg_inversion_augmentation_fm_na8.json,24a10ce7fcee6ec972403818c18da67e9fc6bdb008b05708d292a43b0ea17a3d,8f77479b8851c67f6614f954cf189f25534190ea,59eb0e374c64cd0c025287969c0a64d701a08473
augmentation,fm_na8,fm,2,70.30360497127184,0.4880372772294511,0.2209375,0.7508699834991414,496157.984375,500952.65625,507410.653125,True,artifacts/egg_inversion_augmentation_fm_na8.h5,4820735f4370b85e329a13d9d142557e4523c84f5d87b3ff62d28aac91506fde,results/raw/egg_inversion_augmentation_fm_na8.json,24a10ce7fcee6ec972403818c18da67e9fc6bdb008b05708d292a43b0ea17a3d,8f77479b8851c67f6614f954cf189f25534190ea,59eb0e374c64cd0c025287969c0a64d701a08473
augmentation,fm_na8,fm,3,42.33156626106138,0.48936078205031136,0.17375,0.7121183096076804,498912.696875,503453.625,507701.88125,True,artifacts/egg_inversion_augmentation_fm_na8.h5,4820735f4370b85e329a13d9d142557e4523c84f5d87b3ff62d28aac91506fde,results/raw/egg_inversion_augmentation_fm_na8.json,24a10ce7fcee6ec972403818c18da67e9fc6bdb008b05708d292a43b0ea17a3d,8f77479b8851c67f6614f954cf189f25534190ea,59eb0e374c64cd0c025287969c0a64d701a08473
augmentation,fm_na8,fm,4,25.565790032842884,0.493307668615947,0.1615625,0.7160079944075998,501816.684375,505299.109375,508489.034375,True,artifacts/egg_inversion_augmentation_fm_na8.h5,4820735f4370b85e329a13d9d142557e4523c84f5d87b3ff62d28aac91506fde,results/raw/egg_inversion_augmentation_fm_na8.json,24a10ce7fcee6ec972403818c18da67e9fc6bdb008b05708d292a43b0ea17a3d,8f77479b8851c67f6614f954cf189f25534190ea,59eb0e374c64cd0c025287969c0a64d701a08473
augmentation,fm_na8,fm,5,17.783681512098667,0.49247370386057815,0.1471875,0.5572355607350985,501807.321875,505486.046875,508882.825,True,artifacts/egg_inversion_augmentation_fm_na8.h5,4820735f4370b85e329a13d9d142557e4523c84f5d87b3ff62d28aac91506fde,results/raw/egg_inversion_augmentation_fm_na8.json,24a10ce7fcee6ec972403818c18da67e9fc6bdb008b05708d292a43b0ea17a3d,8f77479b8851c67f6614f954cf189f25534190ea,59eb0e374c64cd0c025287969c0a64d701a08473
augmentation,fm_na8,fm,6,11.59389102239068,0.4938160451637281,0.13,0.5127832772664236,503680.73125,506737.765625,509157.659375,True,artifacts/egg_inversion_augmentation_fm_na8.h5,4820735f4370b85e329a13d9d142557e4523c84f5d87b3ff62d28aac91506fde,results/raw/egg_inversion_augmentation_fm_na8.json,24a10ce7fcee6ec972403818c18da67e9fc6bdb008b05708d292a43b0ea17a3d,8f77479b8851c67f6614f954cf189f25534190ea,59eb0e374c64cd0c025287969c0a64d701a08473
augmentation,fm_na8,fm,7,9.649562466608016,0.49395780850532905,0.13343750000000001,0.5002569216798178,503863.815625,506429.390625,508667.096875,True,artifacts/egg_inversion_augmentation_fm_na8.h5,4820735f4370b85e329a13d9d142557e4523c84f5d87b3ff62d28aac91506fde,results/raw/egg_inversion_augmentation_fm_na8.json,24a10ce7fcee6ec972403818c18da67e9fc6bdb008b05708d292a43b0ea17a3d,8f77479b8851c67f6614f954cf189f25534190ea,59eb0e374c64cd0c025287969c0a64d701a08473
augmentation,fm_na8,fm,8,6.6282731925084235,0.492934266085448,0.129375,0.490191157305905,503483.884375,505804.6875,508290.7875,True,artifacts/egg_inversion_augmentation_fm_na8.h5,4820735f4370b85e329a13d9d142557e4523c84f5d87b3ff62d28aac91506fde,results/raw/egg_inversion_augmentation_fm_na8.json,24a10ce7fcee6ec972403818c18da67e9fc6bdb008b05708d292a43b0ea17a3d,8f77479b8851c67f6614f954cf189f25534190ea,59eb0e374c64cd0c025287969c0a64d701a08473
augmentation,fm_na16,fm,0,140.7465107424259,0.48380049015804777,0.2025,0.7851834081948177,495341.4,501319.546875,506762.478125,True,artifacts/egg_inversion_augmentation_fm_na16.h5,e3b3a5e07bcd8715b4d4360255a0e1352cb9767790b634b48fcb46f9741b42f8,results/raw/egg_inversion_augmentation_fm_na16.json,39e930b70c8380459e77b9ad2be2fc4e71fe9edb10f9af52d23bf1782d79ea11,4f65b69f8bf96184f3338a5cdc411911aae6f18a,59eb0e374c64cd0c025287969c0a64d701a08473
augmentation,fm_na16,fm,1,78.14324034368991,0.4851867264161907,0.18656250000000002,0.7601559442832286,496183.459375,501843.8125,507311.4375,True,artifacts/egg_inversion_augmentation_fm_na16.h5,e3b3a5e07bcd8715b4d4360255a0e1352cb9767790b634b48fcb46f9741b42f8,results/raw/egg_inversion_augmentation_fm_na16.json,39e930b70c8380459e77b9ad2be2fc4e71fe9edb10f9af52d23bf1782d79ea11,4f65b69f8bf96184f3338a5cdc411911aae6f18a,59eb0e374c64cd0c025287969c0a64d701a08473
augmentation,fm_na16,fm,2,67.44246892909351,0.48413839148472254,0.20156249999999998,0.7782938920785576,496119.43125,502088.75,506574.28125,True,artifacts/egg_inversion_augmentation_fm_na16.h5,e3b3a5e07bcd8715b4d4360255a0e1352cb9767790b634b48fcb46f9741b42f8,results/raw/egg_inversion_augmentation_fm_na16.json,39e930b70c8380459e77b9ad2be2fc4e71fe9edb10f9af52d23bf1782d79ea11,4f65b69f8bf96184f3338a5cdc411911aae6f18a,59eb0e374c64cd0c025287969c0a64d701a08473
augmentation,fm_na16,fm,3,43.79566702765922,0.48594132529918116,0.1659375,0.7235259829230958,497650.778125,502545.6875,507004.88125,True,artifacts/egg_inversion_augmentation_fm_na16.h5,e3b3a5e07bcd8715b4d4360255a0e1352cb9767790b634b48fcb46f9741b42f8,results/raw/egg_inversion_augmentation_fm_na16.json,39e930b70c8380459e77b9ad2be2fc4e71fe9edb10f9af52d23bf1782d79ea11,4f65b69f8bf96184f3338a5cdc411911aae6f18a,59eb0e374c64cd0c025287969c0a64d701a08473
augmentation,fm_na16,fm,4,41.72261039811821,0.48331706565913696,0.16781249999999998,0.6844824058919804,498362.053125,501935.375,505817.7,True,artifacts/egg_inversion_augmentation_fm_na16.h5,e3b3a5e07bcd8715b4d4360255a0e1352cb9767790b634b48fcb46f9741b42f8,results/raw/egg_inversion_augmentation_fm_na16.json,39e930b70c8380459e77b9ad2be2fc4e71fe9edb10f9af52d23bf1782d79ea11,4f65b69f8bf96184f3338a5cdc411911aae6f18a,59eb0e374c64cd0c025287969c0a64d701a08473
augmentation,fm_na16,fm,5,35.450653079580704,0.4839108088850217,0.14937499999999998,0.6948776555666402,499047.375,502769.828125,506054.684375,True,artifacts/egg_inversion_augmentation_fm_na16.h5,e3b3a5e07bcd8715b4d4360255a0e1352cb9767790b634b48fcb46f9741b42f8,results/raw/egg_inversion_augmentation_fm_na16.json,39e930b70c8380459e77b9ad2be2fc4e71fe9edb10f9af52d23bf1782d79ea11,4f65b69f8bf96184f3338a5cdc411911aae6f18a,59eb0e374c64cd0c025287969c0a64d701a08473
augmentation,fm_na16,fm,6,35.31016804773827,0.4842090242321653,0.135625,0.6378541133092273,500136.990625,503532.0,506921.096875,True,artifacts/egg_inversion_augmentation_fm_na16.h5,e3b3a5e07bcd8715b4d4360255a0e1352cb9767790b634b48fcb46f9741b42f8,results/raw/egg_inversion_augmentation_fm_na16.json,39e930b70c8380459e77b9ad2be2fc4e71fe9edb10f9af52d23bf1782d79ea11,4f65b69f8bf96184f3338a5cdc411911aae6f18a,59eb0e374c64cd0c025287969c0a64d701a08473
augmentation,fm_na16,fm,7,27.468373881354978,0.4845954061630518,0.13249999999999998,0.5742208485379128,501219.99375,504745.03125,507652.846875,True,artifacts/egg_inversion_augmentation_fm_na16.h5,e3b3a5e07bcd8715b4d4360255a0e1352cb9767790b634b48fcb46f9741b42f8,results/raw/egg_inversion_augmentation_fm_na16.json,39e930b70c8380459e77b9ad2be2fc4e71fe9edb10f9af52d23bf1782d79ea11,4f65b69f8bf96184f3338a5cdc411911aae6f18a,59eb0e374c64cd0c025287969c0a64d701a08473
augmentation,fm_na16,fm,8,22.332563896984315,0.4831813180746173,0.13125,0.6219569133072427,501050.134375,504606.5,507785.075,True,artifacts/egg_inversion_augmentation_fm_na16.h5,e3b3a5e07bcd8715b4d4360255a0e1352cb9767790b634b48fcb46f9741b42f8,results/raw/egg_inversion_augmentation_fm_na16.json,39e930b70c8380459e77b9ad2be2fc4e71fe9edb10f9af52d23bf1782d79ea11,4f65b69f8bf96184f3338a5cdc411911aae6f18a,59eb0e374c64cd0c025287969c0a64d701a08473
augmentation,fm_na16,fm,9,16.66958378550205,0.48407119826284356,0.12937500000000002,0.604570052583559,502353.86875,505675.96875,507214.31875,True,artifacts/egg_inversion_augmentation_fm_na16.h5,e3b3a5e07bcd8715b4d4360255a0e1352cb9767790b634b48fcb46f9741b42f8,results/raw/egg_inversion_augmentation_fm_na16.json,39e930b70c8380459e77b9ad2be2fc4e71fe9edb10f9af52d23bf1782d79ea11,4f65b69f8bf96184f3338a5cdc411911aae6f18a,59eb0e374c64cd0c025287969c0a64d701a08473
augmentation,fm_na16,fm,10,21.53406532523733,0.481540172020028,0.13156250000000003,0.5803537405807158,500476.734375,504756.828125,507266.675,True,artifacts/egg_inversion_augmentation_fm_na16.h5,e3b3a5e07bcd8715b4d4360255a0e1352cb9767790b634b48fcb46f9741b42f8,results/raw/egg_inversion_augmentation_fm_na16.json,39e930b70c8380459e77b9ad2be2fc4e71fe9edb10f9af52d23bf1782d79ea11,4f65b69f8bf96184f3338a5cdc411911aae6f18a,59eb0e374c64cd0c025287969c0a64d701a08473
augmentation,fm_na16,fm,11,22.799490371890826,0.4836656659754842,0.12781250000000002,0.5611762682901775,501639.2625,504878.984375,507139.690625,True,artifacts/egg_inversion_augmentation_fm_na16.h5,e3b3a5e07bcd8715b4d4360255a0e1352cb9767790b634b48fcb46f9741b42f8,results/raw/egg_inversion_augmentation_fm_na16.json,39e930b70c8380459e77b9ad2be2fc4e71fe9edb10f9af52d23bf1782d79ea11,4f65b69f8bf96184f3338a5cdc411911aae6f18a,59eb0e374c64cd0c025287969c0a64d701a08473
augmentation,fm_na16,fm,12,24.438556653865557,0.48403581785302957,0.13125,0.5447781104850526,500409.240625,504338.953125,506996.671875,True,artifacts/egg_inversion_augmentation_fm_na16.h5,e3b3a5e07bcd8715b4d4360255a0e1352cb9767790b634b48fcb46f9741b42f8,results/raw/egg_inversion_augmentation_fm_na16.json,39e930b70c8380459e77b9ad2be2fc4e71fe9edb10f9af52d23bf1782d79ea11,4f65b69f8bf96184f3338a5cdc411911aae6f18a,59eb0e374c64cd0c025287969c0a64d701a08473
augmentation,fm_na16,fm,13,18.957807552005917,0.4805826908562629,0.12125000000000001,0.5198023768096098,501934.85,505503.625,507720.9125,True,artifacts/egg_inversion_augmentation_fm_na16.h5,e3b3a5e07bcd8715b4d4360255a0e1352cb9767790b634b48fcb46f9741b42f8,results/raw/egg_inversion_augmentation_fm_na16.json,39e930b70c8380459e77b9ad2be2fc4e71fe9edb10f9af52d23bf1782d79ea11,4f65b69f8bf96184f3338a5cdc411911aae6f18a,59eb0e374c64cd0c025287969c0a64d701a08473
augmentation,fm_na16,fm,14,19.161620909591257,0.4784369092992019,0.1215625,0.48114837398373983,501792.109375,505823.078125,507972.88125,True,artifacts/egg_inversion_augmentation_fm_na16.h5,e3b3a5e07bcd8715b4d4360255a0e1352cb9767790b634b48fcb46f9741b42f8,results/raw/egg_inversion_augmentation_fm_na16.json,39e930b70c8380459e77b9ad2be2fc4e71fe9edb10f9af52d23bf1782d79ea11,4f65b69f8bf96184f3338a5cdc411911aae6f18a,59eb0e374c64cd0c025287969c0a64d701a08473
augmentation,fm_na16,fm,15,15.402493347456764,0.47620290181034813,0.12125000000000001,0.4802494872573307,502878.2375,506136.296875,507990.146875,True,artifacts/egg_inversion_augmentation_fm_na16.h5,e3b3a5e07bcd8715b4d4360255a0e1352cb9767790b634b48fcb46f9741b42f8,results/raw/egg_inversion_augmentation_fm_na16.json,39e930b70c8380459e77b9ad2be2fc4e71fe9edb10f9af52d23bf1782d79ea11,4f65b69f8bf96184f3338a5cdc411911aae6f18a,59eb0e374c64cd0c025287969c0a64d701a08473
augmentation,fm_na16,fm,16,20.785695733230558,0.4773664677492451,0.11906249999999999,0.49021498516850665,501638.821875,505392.390625,507816.8125,True,artifacts/egg_inversion_augmentation_fm_na16.h5,e3b3a5e07bcd8715b4d4360255a0e1352cb9767790b634b48fcb46f9741b42f8,results/raw/egg_inversion_augmentation_fm_na16.json,39e930b70c8380459e77b9ad2be2fc4e71fe9edb10f9af52d23bf1782d79ea11,4f65b69f8bf96184f3338a5cdc411911aae6f18a,59eb0e374c64cd0c025287969c0a64d701a08473
augmentation,fm_na8_n200,fm,0,140.5946225098615,0.4848835867194553,0.21046874999999998,0.7758468246947852,495160.134375,501650.515625,507473.15,True,artifacts/egg_inversion_augmentation_fm_na8_n200.h5,1d5a667962a4698b3e78b2e13871f6a15ef38f4376b263f07aaec673ae7202ae,results/raw/egg_inversion_augmentation_fm_na8_n200.json,f573de44cff1eec09f48de0891d90031339564d71f24985335b815f6435d9dfc,b5c168233b35894805984fa737d7c9cc86758d6a,59eb0e374c64cd0c025287969c0a64d701a08473
augmentation,fm_na8_n200,fm,1,77.41892521596992,0.4856097014404948,0.19171875,0.7227598640989166,496804.421875,501938.0,507835.684375,True,artifacts/egg_inversion_augmentation_fm_na8_n200.h5,1d5a667962a4698b3e78b2e13871f6a15ef38f4376b263f07aaec673ae7202ae,results/raw/egg_inversion_augmentation_fm_na8_n200.json,f573de44cff1eec09f48de0891d90031339564d71f24985335b815f6435d9dfc,b5c168233b35894805984fa737d7c9cc86758d6a,59eb0e374c64cd0c025287969c0a64d701a08473
augmentation,fm_na8_n200,fm,2,77.68879562424192,0.48343018472534294,0.20296874999999998,0.7815574169639721,497720.8,503005.84375,507578.640625,True,artifacts/egg_inversion_augmentation_fm_na8_n200.h5,1d5a667962a4698b3e78b2e13871f6a15ef38f4376b263f07aaec673ae7202ae,results/raw/egg_inversion_augmentation_fm_na8_n200.json,f573de44cff1eec09f48de0891d90031339564d71f24985335b815f6435d9dfc,b5c168233b35894805984fa737d7c9cc86758d6a,59eb0e374c64cd0c025287969c0a64d701a08473
augmentation,fm_na8_n200,fm,3,64.96499000703652,0.4834152881822327,0.2109375,0.7439402085121796,497614.778125,503178.125,507992.915625,True,artifacts/egg_inversion_augmentation_fm_na8_n200.h5,1d5a667962a4698b3e78b2e13871f6a15ef38f4376b263f07aaec673ae7202ae,results/raw/egg_inversion_augmentation_fm_na8_n200.json,f573de44cff1eec09f48de0891d90031339564d71f24985335b815f6435d9dfc,b5c168233b35894805984fa737d7c9cc86758d6a,59eb0e374c64cd0c025287969c0a64d701a08473
augmentation,fm_na8_n200,fm,4,70.14493899243756,0.48256370982210584,0.1984375,0.7612792059079274,497639.63125,503760.921875,507742.521875,True,artifacts/egg_inversion_augmentation_fm_na8_n200.h5,1d5a667962a4698b3e78b2e13871f6a15ef38f4376b263f07aaec673ae7202ae,results/raw/egg_inversion_augmentation_fm_na8_n200.json,f573de44cff1eec09f48de0891d90031339564d71f24985335b815f6435d9dfc,b5c168233b35894805984fa737d7c9cc86758d6a,59eb0e374c64cd0c025287969c0a64d701a08473
augmentation,fm_na8_n200,fm,5,60.31166450386038,0.48570476438230065,0.2,0.7305960255728012,498271.059375,503669.828125,507740.775,True,artifacts/egg_inversion_augmentation_fm_na8_n200.h5,1d5a667962a4698b3e78b2e13871f6a15ef38f4376b263f07aaec673ae7202ae,results/raw/egg_inversion_augmentation_fm_na8_n200.json,f573de44cff1eec09f48de0891d90031339564d71f24985335b815f6435d9dfc,b5c168233b35894805984fa737d7c9cc86758d6a,59eb0e374c64cd0c025287969c0a64d701a08473
augmentation,fm_na8_n200,fm,6,70.73685625355654,0.4876024479635528,0.2015625,0.7415296288496348,499003.2375,503661.59375,507889.65625,True,artifacts/egg_inversion_augmentation_fm_na8_n200.h5,1d5a667962a4698b3e78b2e13871f6a15ef38f4376b263f07aaec673ae7202ae,results/raw/egg_inversion_augmentation_fm_na8_n200.json,f573de44cff1eec09f48de0891d90031339564d71f24985335b815f6435d9dfc,b5c168233b35894805984fa737d7c9cc86758d6a,59eb0e374c64cd0c025287969c0a64d701a08473
augmentation,fm_na8_n200,fm,7,40.22836000718357,0.49118701272900933,0.1809375,0.717068914866891,500731.003125,504341.9375,507903.025,True,artifacts/egg_inversion_augmentation_fm_na8_n200.h5,1d5a667962a4698b3e78b2e13871f6a15ef38f4376b263f07aaec673ae7202ae,results/raw/egg_inversion_augmentation_fm_na8_n200.json,f573de44cff1eec09f48de0891d90031339564d71f24985335b815f6435d9dfc,b5c168233b35894805984fa737d7c9cc86758d6a,59eb0e374c64cd0c025287969c0a64d701a08473
augmentation,fm_na8_n200,fm,8,32.10738635493681,0.49072319845993334,0.16328125000000002,0.6850620287743457,499284.821875,504080.6875,507171.80625,True,artifacts/egg_inversion_augmentation_fm_na8_n200.h5,1d5a667962a4698b3e78b2e13871f6a15ef38f4376b263f07aaec673ae7202ae,results/raw/egg_inversion_augmentation_fm_na8_n200.json,f573de44cff1eec09f48de0891d90031339564d71f24985335b815f6435d9dfc,b5c168233b35894805984fa737d7c9cc86758d6a,59eb0e374c64cd0c025287969c0a64d701a08473
