strategy,variant,parameterization,stage,n_assimilations,ensemble_size,alpha,inflation_reciprocal_sum,mean_normalized_data_misfit,field_step_relative_shift,distance_from_stage0,condition_number,ensemble_data_variance_fraction,effective_ensemble_members,stage0_parameter_count,stage0_prefix_matches_fm_na8,stage0_prefix_relative_fro,configuration_consistent,parameterization_device,source_artifact,source_artifact_sha256,source_report,source_report_sha256,protocol_config,protocol_config_sha256,source_git_commit,derived_git_commit
augmentation,fm,fm,0,4,100,4.0,1.0,140.77152172013197,0.0,0.0,1517.6494864587225,0.9617507554274478,70.78214482650245,100,False,0.0001364141823359214,True,cuda,artifacts/egg_inversion_augmentation_fm.h5,9af4e30b975f9862c64a0af1f207effdcf7f2c7c1dc1358488a2a89d20ff27af,results/raw/egg_inversion_augmentation_fm.json,cc9132c19a7ef5b61b9e08f45c5e952dc886128b51127e8fd49ceff21468361d,configs/egg/inversion.yaml,80d15353a64cad6550c1893306ec86fc0b26634be4bc37cc2b839f5e60ee622e,ccc14b09e1323023f3f1fd7ec689c2770980b88d,f9ab3f0f7c8fd4a5811f8106e203e7c025005106
augmentation,fm,fm,1,4,100,4.0,1.0,69.36416161917326,0.11564735954575504,0.11564735954575504,965.5307820584261,0.9334567756932242,59.08466919688152,100,False,0.0001364141823359214,True,cuda,artifacts/egg_inversion_augmentation_fm.h5,9af4e30b975f9862c64a0af1f207effdcf7f2c7c1dc1358488a2a89d20ff27af,results/raw/egg_inversion_augmentation_fm.json,cc9132c19a7ef5b61b9e08f45c5e952dc886128b51127e8fd49ceff21468361d,configs/egg/inversion.yaml,80d15353a64cad6550c1893306ec86fc0b26634be4bc37cc2b839f5e60ee622e,ccc14b09e1323023f3f1fd7ec689c2770980b88d,f9ab3f0f7c8fd4a5811f8106e203e7c025005106
augmentation,fm,fm,2,4,100,4.0,1.0,65.9260211061097,0.10199042840205436,0.1309723438693101,839.5405047892632,0.9251126676332984,50.48809422856563,100,False,0.0001364141823359214,True,cuda,artifacts/egg_inversion_augmentation_fm.h5,9af4e30b975f9862c64a0af1f207effdcf7f2c7c1dc1358488a2a89d20ff27af,results/raw/egg_inversion_augmentation_fm.json,cc9132c19a7ef5b61b9e08f45c5e952dc886128b51127e8fd49ceff21468361d,configs/egg/inversion.yaml,80d15353a64cad6550c1893306ec86fc0b26634be4bc37cc2b839f5e60ee622e,ccc14b09e1323023f3f1fd7ec689c2770980b88d,f9ab3f0f7c8fd4a5811f8106e203e7c025005106
augmentation,fm,fm,3,4,100,4.0,1.0,63.60638134276323,0.0938124370272405,0.14005182761398458,842.2052666303177,0.9181006959234231,44.677025184617754,100,False,0.0001364141823359214,True,cuda,artifacts/egg_inversion_augmentation_fm.h5,9af4e30b975f9862c64a0af1f207effdcf7f2c7c1dc1358488a2a89d20ff27af,results/raw/egg_inversion_augmentation_fm.json,cc9132c19a7ef5b61b9e08f45c5e952dc886128b51127e8fd49ceff21468361d,configs/egg/inversion.yaml,80d15353a64cad6550c1893306ec86fc0b26634be4bc37cc2b839f5e60ee622e,ccc14b09e1323023f3f1fd7ec689c2770980b88d,f9ab3f0f7c8fd4a5811f8106e203e7c025005106
augmentation,fm,fm,4,4,100,4.0,1.0,61.92530613087948,0.09029091931102322,0.14590215496533815,734.7707185651906,0.9017608421800798,38.139153946996466,100,False,0.0001364141823359214,True,cuda,artifacts/egg_inversion_augmentation_fm.h5,9af4e30b975f9862c64a0af1f207effdcf7f2c7c1dc1358488a2a89d20ff27af,results/raw/egg_inversion_augmentation_fm.json,cc9132c19a7ef5b61b9e08f45c5e952dc886128b51127e8fd49ceff21468361d,configs/egg/inversion.yaml,80d15353a64cad6550c1893306ec86fc0b26634be4bc37cc2b839f5e60ee622e,ccc14b09e1323023f3f1fd7ec689c2770980b88d,f9ab3f0f7c8fd4a5811f8106e203e7c025005106
augmentation,fm_na8,fm,0,8,100,8.0,1.0,140.74651074242593,0.0,0.0,759.0115756315255,0.9263199590220098,70.78338551075592,100,True,0.0,True,cpu,artifacts/egg_inversion_augmentation_fm_na8.h5,4820735f4370b85e329a13d9d142557e4523c84f5d87b3ff62d28aac91506fde,results/raw/egg_inversion_augmentation_fm_na8.json,24a10ce7fcee6ec972403818c18da67e9fc6bdb008b05708d292a43b0ea17a3d,configs/egg/inversion_na8.yaml,88ce8640a6bf895fe75182d6dcb84888224aaadc4f14ef7811ec4dba8d156989,8f77479b8851c67f6614f954cf189f25534190ea,f9ab3f0f7c8fd4a5811f8106e203e7c025005106
augmentation,fm_na8,fm,1,8,100,8.0,1.0,71.84093364856477,0.11059223720179796,0.11059223720179796,451.27693153677717,0.8813126327306364,61.37879812418596,100,True,0.0,True,cpu,artifacts/egg_inversion_augmentation_fm_na8.h5,4820735f4370b85e329a13d9d142557e4523c84f5d87b3ff62d28aac91506fde,results/raw/egg_inversion_augmentation_fm_na8.json,24a10ce7fcee6ec972403818c18da67e9fc6bdb008b05708d292a43b0ea17a3d,configs/egg/inversion_na8.yaml,88ce8640a6bf895fe75182d6dcb84888224aaadc4f14ef7811ec4dba8d156989,8f77479b8851c67f6614f954cf189f25534190ea,f9ab3f0f7c8fd4a5811f8106e203e7c025005106
augmentation,fm_na8,fm,2,8,100,8.0,1.0,70.30360497127182,0.10093544082815062,0.1279048751803755,496.02882363993825,0.8740955411915455,52.8403213353066,100,True,0.0,True,cpu,artifacts/egg_inversion_augmentation_fm_na8.h5,4820735f4370b85e329a13d9d142557e4523c84f5d87b3ff62d28aac91506fde,results/raw/egg_inversion_augmentation_fm_na8.json,24a10ce7fcee6ec972403818c18da67e9fc6bdb008b05708d292a43b0ea17a3d,configs/egg/inversion_na8.yaml,88ce8640a6bf895fe75182d6dcb84888224aaadc4f14ef7811ec4dba8d156989,8f77479b8851c67f6614f954cf189f25534190ea,f9ab3f0f7c8fd4a5811f8106e203e7c025005106
augmentation,fm_na8,fm,3,8,100,8.0,1.0,42.33156626106138,0.09264907207424773,0.13902695128831044,289.5188521462476,0.8240795485112836,45.76293449415796,100,True,0.0,True,cpu,artifacts/egg_inversion_augmentation_fm_na8.h5,4820735f4370b85e329a13d9d142557e4523c84f5d87b3ff62d28aac91506fde,results/raw/egg_inversion_augmentation_fm_na8.json,24a10ce7fcee6ec972403818c18da67e9fc6bdb008b05708d292a43b0ea17a3d,configs/egg/inversion_na8.yaml,88ce8640a6bf895fe75182d6dcb84888224aaadc4f14ef7811ec4dba8d156989,8f77479b8851c67f6614f954cf189f25534190ea,f9ab3f0f7c8fd4a5811f8106e203e7c025005106
augmentation,fm_na8,fm,4,8,100,8.0,1.0,25.565790032842884,0.08449500583299413,0.14489456527871078,137.30016900398795,0.7280947066154488,41.377456202381794,100,True,0.0,True,cpu,artifacts/egg_inversion_augmentation_fm_na8.h5,4820735f4370b85e329a13d9d142557e4523c84f5d87b3ff62d28aac91506fde,results/raw/egg_inversion_augmentation_fm_na8.json,24a10ce7fcee6ec972403818c18da67e9fc6bdb008b05708d292a43b0ea17a3d,configs/egg/inversion_na8.yaml,88ce8640a6bf895fe75182d6dcb84888224aaadc4f14ef7811ec4dba8d156989,8f77479b8851c67f6614f954cf189f25534190ea,f9ab3f0f7c8fd4a5811f8106e203e7c025005106
augmentation,fm_na8,fm,5,8,100,8.0,1.0,17.783681512098664,0.07489328667636243,0.14764117596564674,85.81641569850566,0.6442921655207928,38.051248669063085,100,True,0.0,True,cpu,artifacts/egg_inversion_augmentation_fm_na8.h5,4820735f4370b85e329a13d9d142557e4523c84f5d87b3ff62d28aac91506fde,results/raw/egg_inversion_augmentation_fm_na8.json,24a10ce7fcee6ec972403818c18da67e9fc6bdb008b05708d292a43b0ea17a3d,configs/egg/inversion_na8.yaml,88ce8640a6bf895fe75182d6dcb84888224aaadc4f14ef7811ec4dba8d156989,8f77479b8851c67f6614f954cf189f25534190ea,f9ab3f0f7c8fd4a5811f8106e203e7c025005106
augmentation,fm_na8,fm,6,8,100,8.0,1.0,11.593891022390682,0.06544359562701457,0.14995731095519782,54.43352059433946,0.5145627571319542,34.979752884214626,100,True,0.0,True,cpu,artifacts/egg_inversion_augmentation_fm_na8.h5,4820735f4370b85e329a13d9d142557e4523c84f5d87b3ff62d28aac91506fde,results/raw/egg_inversion_augmentation_fm_na8.json,24a10ce7fcee6ec972403818c18da67e9fc6bdb008b05708d292a43b0ea17a3d,configs/egg/inversion_na8.yaml,88ce8640a6bf895fe75182d6dcb84888224aaadc4f14ef7811ec4dba8d156989,8f77479b8851c67f6614f954cf189f25534190ea,f9ab3f0f7c8fd4a5811f8106e203e7c025005106
augmentation,fm_na8,fm,7,8,100,8.0,1.0,9.649562466608014,0.062079277883311516,0.15136720805692208,52.473691232796725,0.4897960827955287,32.15436565730208,100,True,0.0,True,cpu,artifacts/egg_inversion_augmentation_fm_na8.h5,4820735f4370b85e329a13d9d142557e4523c84f5d87b3ff62d28aac91506fde,results/raw/egg_inversion_augmentation_fm_na8.json,24a10ce7fcee6ec972403818c18da67e9fc6bdb008b05708d292a43b0ea17a3d,configs/egg/inversion_na8.yaml,88ce8640a6bf895fe75182d6dcb84888224aaadc4f14ef7811ec4dba8d156989,8f77479b8851c67f6614f954cf189f25534190ea,f9ab3f0f7c8fd4a5811f8106e203e7c025005106
augmentation,fm_na8,fm,8,8,100,8.0,1.0,6.6282731925084235,0.05424526235629798,0.1524896311888144,35.8278299956683,0.37927218531132123,27.82519272576572,100,True,0.0,True,cpu,artifacts/egg_inversion_augmentation_fm_na8.h5,4820735f4370b85e329a13d9d142557e4523c84f5d87b3ff62d28aac91506fde,results/raw/egg_inversion_augmentation_fm_na8.json,24a10ce7fcee6ec972403818c18da67e9fc6bdb008b05708d292a43b0ea17a3d,configs/egg/inversion_na8.yaml,88ce8640a6bf895fe75182d6dcb84888224aaadc4f14ef7811ec4dba8d156989,8f77479b8851c67f6614f954cf189f25534190ea,f9ab3f0f7c8fd4a5811f8106e203e7c025005106
augmentation,fm_na16,fm,0,16,100,16.0,1.0,140.74651074242593,0.0,0.0,380.00578781575285,0.8627523318569343,70.78338551075592,100,True,0.0,True,cpu,artifacts/egg_inversion_augmentation_fm_na16.h5,e3b3a5e07bcd8715b4d4360255a0e1352cb9767790b634b48fcb46f9741b42f8,results/raw/egg_inversion_augmentation_fm_na16.json,39e930b70c8380459e77b9ad2be2fc4e71fe9edb10f9af52d23bf1782d79ea11,configs/egg/inversion_na16.yaml,863f88eddda0f6c052f793e1c4bc93f7c5d19f9cbd15a062acef64d7a24e8421,4f65b69f8bf96184f3338a5cdc411911aae6f18a,f9ab3f0f7c8fd4a5811f8106e203e7c025005106
augmentation,fm_na16,fm,1,16,100,16.0,1.0,78.14324034368991,0.10332555973031046,0.10332555973031046,255.41524760750627,0.8014044780956658,64.43681847833133,100,True,0.0,True,cpu,artifacts/egg_inversion_augmentation_fm_na16.h5,e3b3a5e07bcd8715b4d4360255a0e1352cb9767790b634b48fcb46f9741b42f8,results/raw/egg_inversion_augmentation_fm_na16.json,39e930b70c8380459e77b9ad2be2fc4e71fe9edb10f9af52d23bf1782d79ea11,configs/egg/inversion_na16.yaml,863f88eddda0f6c052f793e1c4bc93f7c5d19f9cbd15a062acef64d7a24e8421,4f65b69f8bf96184f3338a5cdc411911aae6f18a,f9ab3f0f7c8fd4a5811f8106e203e7c025005106
augmentation,fm_na16,fm,2,16,100,16.0,1.0,67.44246892909351,0.09523877817687042,0.12104491581296377,247.12641011873504,0.77321428077441,57.80454268956,100,True,0.0,True,cpu,artifacts/egg_inversion_augmentation_fm_na16.h5,e3b3a5e07bcd8715b4d4360255a0e1352cb9767790b634b48fcb46f9741b42f8,results/raw/egg_inversion_augmentation_fm_na16.json,39e930b70c8380459e77b9ad2be2fc4e71fe9edb10f9af52d23bf1782d79ea11,configs/egg/inversion_na16.yaml,863f88eddda0f6c052f793e1c4bc93f7c5d19f9cbd15a062acef64d7a24e8421,4f65b69f8bf96184f3338a5cdc411911aae6f18a,f9ab3f0f7c8fd4a5811f8106e203e7c025005106
augmentation,fm_na16,fm,3,16,100,16.0,1.0,43.79566702765923,0.08752711129889777,0.13258380499251932,173.10676919673523,0.7115159604992405,51.08849335358454,100,True,0.0,True,cpu,artifacts/egg_inversion_augmentation_fm_na16.h5,e3b3a5e07bcd8715b4d4360255a0e1352cb9767790b634b48fcb46f9741b42f8,results/raw/egg_inversion_augmentation_fm_na16.json,39e930b70c8380459e77b9ad2be2fc4e71fe9edb10f9af52d23bf1782d79ea11,configs/egg/inversion_na16.yaml,863f88eddda0f6c052f793e1c4bc93f7c5d19f9cbd15a062acef64d7a24e8421,4f65b69f8bf96184f3338a5cdc411911aae6f18a,f9ab3f0f7c8fd4a5811f8106e203e7c025005106
augmentation,fm_na16,fm,4,16,100,16.0,1.0,41.722610398118206,0.079984969599864,0.13688961511214082,179.5555525126826,0.6926621829333985,47.78347529842254,100,True,0.0,True,cpu,artifacts/egg_inversion_augmentation_fm_na16.h5,e3b3a5e07bcd8715b4d4360255a0e1352cb9767790b634b48fcb46f9741b42f8,results/raw/egg_inversion_augmentation_fm_na16.json,39e930b70c8380459e77b9ad2be2fc4e71fe9edb10f9af52d23bf1782d79ea11,configs/egg/inversion_na16.yaml,863f88eddda0f6c052f793e1c4bc93f7c5d19f9cbd15a062acef64d7a24e8421,4f65b69f8bf96184f3338a5cdc411911aae6f18a,f9ab3f0f7c8fd4a5811f8106e203e7c025005106
augmentation,fm_na16,fm,5,16,100,16.0,1.0,35.45065307958072,0.0794477176471217,0.14209034172647067,146.33305012637175,0.6545634494964214,45.547624889141304,100,True,0.0,True,cpu,artifacts/egg_inversion_augmentation_fm_na16.h5,e3b3a5e07bcd8715b4d4360255a0e1352cb9767790b634b48fcb46f9741b42f8,results/raw/egg_inversion_augmentation_fm_na16.json,39e930b70c8380459e77b9ad2be2fc4e71fe9edb10f9af52d23bf1782d79ea11,configs/egg/inversion_na16.yaml,863f88eddda0f6c052f793e1c4bc93f7c5d19f9cbd15a062acef64d7a24e8421,4f65b69f8bf96184f3338a5cdc411911aae6f18a,f9ab3f0f7c8fd4a5811f8106e203e7c025005106
augmentation,fm_na16,fm,6,16,100,16.0,1.0,35.310168047738266,0.07505241630364895,0.1448721182136051,146.78147402480857,0.6633141709159536,41.49108513887853,100,True,0.0,True,cpu,artifacts/egg_inversion_augmentation_fm_na16.h5,e3b3a5e07bcd8715b4d4360255a0e1352cb9767790b634b48fcb46f9741b42f8,results/raw/egg_inversion_augmentation_fm_na16.json,39e930b70c8380459e77b9ad2be2fc4e71fe9edb10f9af52d23bf1782d79ea11,configs/egg/inversion_na16.yaml,863f88eddda0f6c052f793e1c4bc93f7c5d19f9cbd15a062acef64d7a24e8421,4f65b69f8bf96184f3338a5cdc411911aae6f18a,f9ab3f0f7c8fd4a5811f8106e203e7c025005106
augmentation,fm_na16,fm,7,16,100,16.0,1.0,27.468373881354978,0.0663742378670244,0.14709905822369077,113.73724706001276,0.605132574649127,38.49982315284518,100,True,0.0,True,cpu,artifacts/egg_inversion_augmentation_fm_na16.h5,e3b3a5e07bcd8715b4d4360255a0e1352cb9767790b634b48fcb46f9741b42f8,results/raw/egg_inversion_augmentation_fm_na16.json,39e930b70c8380459e77b9ad2be2fc4e71fe9edb10f9af52d23bf1782d79ea11,configs/egg/inversion_na16.yaml,863f88eddda0f6c052f793e1c4bc93f7c5d19f9cbd15a062acef64d7a24e8421,4f65b69f8bf96184f3338a5cdc411911aae6f18a,f9ab3f0f7c8fd4a5811f8106e203e7c025005106
augmentation,fm_na16,fm,8,16,100,16.0,1.0,22.332563896984322,0.061961327639361435,0.1492003955340134,110.47158090932079,0.5487111153108657,35.768498790864975,100,True,0.0,True,cpu,artifacts/egg_inversion_augmentation_fm_na16.h5,e3b3a5e07bcd8715b4d4360255a0e1352cb9767790b634b48fcb46f9741b42f8,results/raw/egg_inversion_augmentation_fm_na16.json,39e930b70c8380459e77b9ad2be2fc4e71fe9edb10f9af52d23bf1782d79ea11,configs/egg/inversion_na16.yaml,863f88eddda0f6c052f793e1c4bc93f7c5d19f9cbd15a062acef64d7a24e8421,4f65b69f8bf96184f3338a5cdc411911aae6f18a,f9ab3f0f7c8fd4a5811f8106e203e7c025005106
augmentation,fm_na16,fm,9,16,100,16.0,1.0,16.66958378550205,0.058885591650127314,0.15007807946614415,65.58637500333589,0.4512788669777201,33.962020359577124,100,True,0.0,True,cpu,artifacts/egg_inversion_augmentation_fm_na16.h5,e3b3a5e07bcd8715b4d4360255a0e1352cb9767790b634b48fcb46f9741b42f8,results/raw/egg_inversion_augmentation_fm_na16.json,39e930b70c8380459e77b9ad2be2fc4e71fe9edb10f9af52d23bf1782d79ea11,configs/egg/inversion_na16.yaml,863f88eddda0f6c052f793e1c4bc93f7c5d19f9cbd15a062acef64d7a24e8421,4f65b69f8bf96184f3338a5cdc411911aae6f18a,f9ab3f0f7c8fd4a5811f8106e203e7c025005106
augmentation,fm_na16,fm,10,16,100,16.0,1.0,21.53406532523734,0.05395479491329256,0.15117647917481275,134.5007545745008,0.5388886303201622,33.35032910085745,100,True,0.0,True,cpu,artifacts/egg_inversion_augmentation_fm_na16.h5,e3b3a5e07bcd8715b4d4360255a0e1352cb9767790b634b48fcb46f9741b42f8,results/raw/egg_inversion_augmentation_fm_na16.json,39e930b70c8380459e77b9ad2be2fc4e71fe9edb10f9af52d23bf1782d79ea11,configs/egg/inversion_na16.yaml,863f88eddda0f6c052f793e1c4bc93f7c5d19f9cbd15a062acef64d7a24e8421,4f65b69f8bf96184f3338a5cdc411911aae6f18a,f9ab3f0f7c8fd4a5811f8106e203e7c025005106
augmentation,fm_na16,fm,11,16,100,16.0,1.0,22.799490371890826,0.051990055084247845,0.15183426140179584,128.48194902056446,0.5498717503564501,30.82679999930885,100,True,0.0,True,cpu,artifacts/egg_inversion_augmentation_fm_na16.h5,e3b3a5e07bcd8715b4d4360255a0e1352cb9767790b634b48fcb46f9741b42f8,results/raw/egg_inversion_augmentation_fm_na16.json,39e930b70c8380459e77b9ad2be2fc4e71fe9edb10f9af52d23bf1782d79ea11,configs/egg/inversion_na16.yaml,863f88eddda0f6c052f793e1c4bc93f7c5d19f9cbd15a062acef64d7a24e8421,4f65b69f8bf96184f3338a5cdc411911aae6f18a,f9ab3f0f7c8fd4a5811f8106e203e7c025005106
augmentation,fm_na16,fm,12,16,100,16.0,1.0,24.43855665386555,0.05147161785620081,0.15281275554387952,140.94353762309467,0.5493292460918363,25.95693271699413,100,True,0.0,True,cpu,artifacts/egg_inversion_augmentation_fm_na16.h5,e3b3a5e07bcd8715b4d4360255a0e1352cb9767790b634b48fcb46f9741b42f8,results/raw/egg_inversion_augmentation_fm_na16.json,39e930b70c8380459e77b9ad2be2fc4e71fe9edb10f9af52d23bf1782d79ea11,configs/egg/inversion_na16.yaml,863f88eddda0f6c052f793e1c4bc93f7c5d19f9cbd15a062acef64d7a24e8421,4f65b69f8bf96184f3338a5cdc411911aae6f18a,f9ab3f0f7c8fd4a5811f8106e203e7c025005106
augmentation,fm_na16,fm,13,16,100,16.0,1.0,18.957807552005914,0.05202377418623572,0.15291408083811414,109.27795537630078,0.4961225179552731,25.976506557687856,100,True,0.0,True,cpu,artifacts/egg_inversion_augmentation_fm_na16.h5,e3b3a5e07bcd8715b4d4360255a0e1352cb9767790b634b48fcb46f9741b42f8,results/raw/egg_inversion_augmentation_fm_na16.json,39e930b70c8380459e77b9ad2be2fc4e71fe9edb10f9af52d23bf1782d79ea11,configs/egg/inversion_na16.yaml,863f88eddda0f6c052f793e1c4bc93f7c5d19f9cbd15a062acef64d7a24e8421,4f65b69f8bf96184f3338a5cdc411911aae6f18a,f9ab3f0f7c8fd4a5811f8106e203e7c025005106
augmentation,fm_na16,fm,14,16,100,16.0,1.0,19.161620909591257,0.04584946855295746,0.1533933251104732,123.68452230985442,0.5057504453696535,23.85831639703009,100,True,0.0,True,cpu,artifacts/egg_inversion_augmentation_fm_na16.h5,e3b3a5e07bcd8715b4d4360255a0e1352cb9767790b634b48fcb46f9741b42f8,results/raw/egg_inversion_augmentation_fm_na16.json,39e930b70c8380459e77b9ad2be2fc4e71fe9edb10f9af52d23bf1782d79ea11,configs/egg/inversion_na16.yaml,863f88eddda0f6c052f793e1c4bc93f7c5d19f9cbd15a062acef64d7a24e8421,4f65b69f8bf96184f3338a5cdc411911aae6f18a,f9ab3f0f7c8fd4a5811f8106e203e7c025005106
augmentation,fm_na16,fm,15,16,100,16.0,1.0,15.402493347456765,0.048356693606063005,0.15357647962491025,96.61878973813451,0.4458052570249189,25.008317989691225,100,True,0.0,True,cpu,artifacts/egg_inversion_augmentation_fm_na16.h5,e3b3a5e07bcd8715b4d4360255a0e1352cb9767790b634b48fcb46f9741b42f8,results/raw/egg_inversion_augmentation_fm_na16.json,39e930b70c8380459e77b9ad2be2fc4e71fe9edb10f9af52d23bf1782d79ea11,configs/egg/inversion_na16.yaml,863f88eddda0f6c052f793e1c4bc93f7c5d19f9cbd15a062acef64d7a24e8421,4f65b69f8bf96184f3338a5cdc411911aae6f18a,f9ab3f0f7c8fd4a5811f8106e203e7c025005106
augmentation,fm_na16,fm,16,16,100,16.0,1.0,20.78569573323056,0.046267585781588544,0.154262280671907,137.97436997473437,0.5088514397191346,22.43341621473238,100,True,0.0,True,cpu,artifacts/egg_inversion_augmentation_fm_na16.h5,e3b3a5e07bcd8715b4d4360255a0e1352cb9767790b634b48fcb46f9741b42f8,results/raw/egg_inversion_augmentation_fm_na16.json,39e930b70c8380459e77b9ad2be2fc4e71fe9edb10f9af52d23bf1782d79ea11,configs/egg/inversion_na16.yaml,863f88eddda0f6c052f793e1c4bc93f7c5d19f9cbd15a062acef64d7a24e8421,4f65b69f8bf96184f3338a5cdc411911aae6f18a,f9ab3f0f7c8fd4a5811f8106e203e7c025005106
augmentation,fm_na8_n200,fm,0,8,200,8.0,1.0,140.5946225098615,0.0,0.0,743.4768790448655,0.9227606505135104,110.39731997796659,200,True,5.713511972466322e-08,True,cpu,artifacts/egg_inversion_augmentation_fm_na8_n200.h5,1d5a667962a4698b3e78b2e13871f6a15ef38f4376b263f07aaec673ae7202ae,results/raw/egg_inversion_augmentation_fm_na8_n200.json,f573de44cff1eec09f48de0891d90031339564d71f24985335b815f6435d9dfc,configs/egg/inversion_na8_ensemble200.yaml,471be664dddd88cd83f6d24e541527acfba93ba61281dab20bacfe942ac31ee8,b5c168233b35894805984fa737d7c9cc86758d6a,f9ab3f0f7c8fd4a5811f8106e203e7c025005106
augmentation,fm_na8_n200,fm,1,8,200,8.0,1.0,77.4189252159699,0.08974562852429302,0.08974562852429302,425.32280755173036,0.8851408679971785,103.88293373669146,200,True,5.713511972466322e-08,True,cpu,artifacts/egg_inversion_augmentation_fm_na8_n200.h5,1d5a667962a4698b3e78b2e13871f6a15ef38f4376b263f07aaec673ae7202ae,results/raw/egg_inversion_augmentation_fm_na8_n200.json,f573de44cff1eec09f48de0891d90031339564d71f24985335b815f6435d9dfc,configs/egg/inversion_na8_ensemble200.yaml,471be664dddd88cd83f6d24e541527acfba93ba61281dab20bacfe942ac31ee8,b5c168233b35894805984fa737d7c9cc86758d6a,f9ab3f0f7c8fd4a5811f8106e203e7c025005106
augmentation,fm_na8_n200,fm,2,8,200,8.0,1.0,77.68879562424193,0.08677107566676641,0.10703300883857554,553.6456768850398,0.8784105653863187,95.23031031525086,200,True,5.713511972466322e-08,True,cpu,artifacts/egg_inversion_augmentation_fm_na8_n200.h5,1d5a667962a4698b3e78b2e13871f6a15ef38f4376b263f07aaec673ae7202ae,results/raw/egg_inversion_augmentation_fm_na8_n200.json,f573de44cff1eec09f48de0891d90031339564d71f24985335b815f6435d9dfc,configs/egg/inversion_na8_ensemble200.yaml,471be664dddd88cd83f6d24e541527acfba93ba61281dab20bacfe942ac31ee8,b5c168233b35894805984fa737d7c9cc86758d6a,f9ab3f0f7c8fd4a5811f8106e203e7c025005106
augmentation,fm_na8_n200,fm,3,8,200,8.0,1.0,64.96499000703652,0.08259745510111031,0.1159742656675538,394.123469159502,0.8693660664032363,87.40512077523603,200,True,5.713511972466322e-08,True,cpu,artifacts/egg_inversion_augmentation_fm_na8_n200.h5,1d5a667962a4698b3e78b2e13871f6a15ef38f4376b263f07aaec673ae7202ae,results/raw/egg_inversion_augmentation_fm_na8_n200.json,f573de44cff1eec09f48de0891d90031339564d71f24985335b815f6435d9dfc,configs/egg/inversion_na8_ensemble200.yaml,471be664dddd88cd83f6d24e541527acfba93ba61281dab20bacfe942ac31ee8,b5c168233b35894805984fa737d7c9cc86758d6a,f9ab3f0f7c8fd4a5811f8106e203e7c025005106
augmentation,fm_na8_n200,fm,4,8,200,8.0,1.0,70.14493899243756,0.07992384885400462,0.1240318388471763,496.8699309727239,0.8674080423316542,81.11024511822515,200,True,5.713511972466322e-08,True,cpu,artifacts/egg_inversion_augmentation_fm_na8_n200.h5,1d5a667962a4698b3e78b2e13871f6a15ef38f4376b263f07aaec673ae7202ae,results/raw/egg_inversion_augmentation_fm_na8_n200.json,f573de44cff1eec09f48de0891d90031339564d71f24985335b815f6435d9dfc,configs/egg/inversion_na8_ensemble200.yaml,471be664dddd88cd83f6d24e541527acfba93ba61281dab20bacfe942ac31ee8,b5c168233b35894805984fa737d7c9cc86758d6a,f9ab3f0f7c8fd4a5811f8106e203e7c025005106
augmentation,fm_na8_n200,fm,5,8,200,8.0,1.0,60.31166450386038,0.07755609899592006,0.12931691038530801,370.6144570140618,0.8529929605790463,74.49578704722815,200,True,5.713511972466322e-08,True,cpu,artifacts/egg_inversion_augmentation_fm_na8_n200.h5,1d5a667962a4698b3e78b2e13871f6a15ef38f4376b263f07aaec673ae7202ae,results/raw/egg_inversion_augmentation_fm_na8_n200.json,f573de44cff1eec09f48de0891d90031339564d71f24985335b815f6435d9dfc,configs/egg/inversion_na8_ensemble200.yaml,471be664dddd88cd83f6d24e541527acfba93ba61281dab20bacfe942ac31ee8,b5c168233b35894805984fa737d7c9cc86758d6a,f9ab3f0f7c8fd4a5811f8106e203e7c025005106
augmentation,fm_na8_n200,fm,6,8,200,8.0,1.0,70.73685625355652,0.0753800793019758,0.13428698105397507,553.1169969731983,0.8589920564386765,71.67573698392368,200,True,5.713511972466322e-08,True,cpu,artifacts/egg_inversion_augmentation_fm_na8_n200.h5,1d5a667962a4698b3e78b2e13871f6a15ef38f4376b263f07aaec673ae7202ae,results/raw/egg_inversion_augmentation_fm_na8_n200.json,f573de44cff1eec09f48de0891d90031339564d71f24985335b815f6435d9dfc,configs/egg/inversion_na8_ensemble200.yaml,471be664dddd88cd83f6d24e541527acfba93ba61281dab20bacfe942ac31ee8,b5c168233b35894805984fa737d7c9cc86758d6a,f9ab3f0f7c8fd4a5811f8106e203e7c025005106
augmentation,fm_na8_n200,fm,7,8,200,8.0,1.0,40.22836000718357,0.07256913726344333,0.13780882715707343,266.90134047945423,0.7982627700778221,65.9871297116088,200,True,5.713511972466322e-08,True,cpu,artifacts/egg_inversion_augmentation_fm_na8_n200.h5,1d5a667962a4698b3e78b2e13871f6a15ef38f4376b263f07aaec673ae7202ae,results/raw/egg_inversion_augmentation_fm_na8_n200.json,f573de44cff1eec09f48de0891d90031339564d71f24985335b815f6435d9dfc,configs/egg/inversion_na8_ensemble200.yaml,471be664dddd88cd83f6d24e541527acfba93ba61281dab20bacfe942ac31ee8,b5c168233b35894805984fa737d7c9cc86758d6a,f9ab3f0f7c8fd4a5811f8106e203e7c025005106
augmentation,fm_na8_n200,fm,8,8,200,8.0,1.0,32.10738635493681,0.06745658190637341,0.14119570677734875,209.3819577670958,0.7700290622294297,64.63236224344507,200,True,5.713511972466322e-08,True,cpu,artifacts/egg_inversion_augmentation_fm_na8_n200.h5,1d5a667962a4698b3e78b2e13871f6a15ef38f4376b263f07aaec673ae7202ae,results/raw/egg_inversion_augmentation_fm_na8_n200.json,f573de44cff1eec09f48de0891d90031339564d71f24985335b815f6435d9dfc,configs/egg/inversion_na8_ensemble200.yaml,471be664dddd88cd83f6d24e541527acfba93ba61281dab20bacfe942ac31ee8,b5c168233b35894805984fa737d7c9cc86758d6a,f9ab3f0f7c8fd4a5811f8106e203e7c025005106
